,account_id,company_size,num_users_10days,engagement_ratio,type
0,1T2TALA753,2.Mid-Market,12,,Ex-customer
1,3C1ZA0DV6N,3.Enterprise,9,,Ex-customer
2,3KX7EEDTJV,2.Mid-Market,2,,Ex-customer
3,A27F8LWVV5,2.Mid-Market,1,,Ex-customer
4,CWI64CIYHE,2.Mid-Market,25,,Ex-customer
5,CZUCQMRUNJ,2.Mid-Market,6,,Ex-customer
6,DJT3BR4F2Z,2.Mid-Market,22,,Ex-customer
7,GE0Q5ZJAUC,3.Enterprise,6,,Ex-customer
8,H75LXO6QJI,3.Enterprise,7,,Ex-customer
9,HLX0ST69WW,2.Mid-Market,2,,Ex-customer
10,J2QP89UZFK,2.Mid-Market,16,,Ex-customer
11,UNLPAIH0P4,3.Enterprise,14,,Ex-customer
12,XPVMSR75RM,2.Mid-Market,6,,Ex-customer
13,XVHAGKC4LO,2.Mid-Market,2,,Ex-customer
14,Z0HR9T9CD1,2.Mid-Market,2,,Ex-customer
15,G77Q9VJUHB,2.Mid-Market,0,,Ex-customer
16,K5J42OI6OA,3.Enterprise,0,,Ex-customer
17,HEJLA0GNZS,3.Enterprise,0,,Ex-customer
18,09LZRK79UF,2.Mid-Market,0,,Ex-customer
19,F60YKNFU84,3.Enterprise,0,,Ex-customer
20,B34KUQAAJ8,2.Mid-Market,0,,Ex-customer
21,YHONBPQGA6,2.Mid-Market,0,,Ex-customer
22,GGXP5CITUF,2.Mid-Market,0,,Ex-customer
23,S6R6BILQPB,2.Mid-Market,0,,Ex-customer
24,7Q0I9BL14H,2.Mid-Market,0,,Ex-customer
25,5ELTFEBE54,2.Mid-Market,0,,Ex-customer
26,39PECN0DL5,2.Mid-Market,0,,Ex-customer
27,T1NTMJSRD9,2.Mid-Market,0,,Ex-customer
28,EGDD8MWE77,3.Enterprise,0,,Ex-customer
29,C0TR58PS0R,2.Mid-Market,0,,Ex-customer
30,WIXZ2C9ROS,2.Mid-Market,0,,Ex-customer
31,2HXRJM4T8B,3.Enterprise,0,,Ex-customer
32,61B7PXJBC8,2.Mid-Market,0,,Ex-customer
33,02JYV6YJOA,3.Enterprise,3,64.70588235294117,Customer
34,03ZB5GRO9X,2.Mid-Market,4,109.6774193548387,Customer
35,050UI22KX7,2.Mid-Market,10,42.391304347826086,Customer
36,07K5W1JL6L,3.Enterprise,0,1.0135135135135136,Customer
37,0982N2ATQY,3.Enterprise,21,51.37614678899083,Customer
38,0DW1MF07OL,3.Enterprise,52,14.321388438007244,Customer
39,0HPMNZ1UDB,2.Mid-Market,21,5.3840063341250985,Customer
40,0KDN3TN60T,2.Mid-Market,0,,Customer
41,0LG92MJEQA,2.Mid-Market,0,9.25925925925926,Customer
42,0M3LOUFHW8,2.Mid-Market,21,33.994334277620396,Customer
43,0Q7TW1PUWS,2.Mid-Market,6,42.745098039215684,Customer
44,0S0R2SDS8B,3.Enterprise,0,43.24324324324324,Customer
45,0S9BP4M18O,2.Mid-Market,13,69.2982456140351,Customer
46,0UBMC97C7B,3.Enterprise,1,0.09746588693957114,Customer
47,0V5DTAEGRY,3.Enterprise,5,41.66666666666667,Customer
48,0VGNXB5JTB,2.Mid-Market,6,54.45026178010471,Customer
49,0YEH8UXZ3A,2.Mid-Market,7,92.0,Customer
50,109DCNWMBX,3.Enterprise,23,0.06948714487819753,Customer
51,153SFLSE45,2.Mid-Market,7,60.273972602739725,Customer
52,17RV2Y7CDA,3.Enterprise,0,26.991150442477874,Customer
53,1CNAQ2YOTO,2.Mid-Market,17,67.1875,Customer
54,1ENNGAY37V,3.Enterprise,2,7.52212389380531,Customer
55,1I1P0BQ1S9,2.Mid-Market,2,44.274809160305345,Customer
56,1JLMFLUOAY,2.Mid-Market,11,103.57142857142858,Customer
57,1K8LXEQLEZ,3.Enterprise,103,0.09879002220775703,Customer
58,1KYNTL2UG0,2.Mid-Market,1,10.714285714285714,Customer
59,1POXRTEO2T,3.Enterprise,8,39.62264150943396,Customer
60,1T53YKYYDU,2.Mid-Market,0,3.115264797507788,Customer
61,1VJ35YRG29,3.Enterprise,1,3.2196969696969697,Customer
62,225AA35WFW,2.Mid-Market,4,42.857142857142854,Customer
63,2292MTR6SN,3.Enterprise,23,49.91150442477876,Customer
64,25X1FVK1PB,2.Mid-Market,4,128.0,Customer
65,2AB2RVNDFD,3.Enterprise,28,,Customer
66,2AN417VF0J,2.Mid-Market,2,8.928571428571429,Customer
67,2C1JLOPO6J,2.Mid-Market,5,21.84873949579832,Customer
68,2C9OGPS013,2.Mid-Market,2,61.111111111111114,Customer
69,2JN67LM8E4,3.Enterprise,13,44.15954415954416,Customer
70,2LR0JY32HO,2.Mid-Market,0,0.7662835249042145,Customer
71,2MOXQ9WFB7,2.Mid-Market,0,17.647058823529413,Customer
72,2NBFA37DL9,2.Mid-Market,2,58.333333333333336,Customer
73,2O4M84P4K9,2.Mid-Market,37,32.54716981132076,Customer
74,2OHKBM00E9,2.Mid-Market,8,32.075471698113205,Customer
75,2OOUXQS1FO,2.Mid-Market,0,2.1201413427561837,Customer
76,2P2TIXC7UR,2.Mid-Market,2,70.0,Customer
77,2TVHVWHHOL,2.Mid-Market,1,55.932203389830505,Customer
78,2UEAXYLNFX,2.Mid-Market,16,74.71264367816092,Customer
79,2WSPOFV177,2.Mid-Market,4,67.5925925925926,Customer
80,2YUPMANQY0,2.Mid-Market,3,17.741935483870968,Customer
81,30POCR0VHV,2.Mid-Market,0,,Customer
82,30QABXW2EO,3.Enterprise,166,0.2448862863679634,Customer
83,32HZS32D1J,3.Enterprise,14,0.01819943581748966,Customer
84,344MW04I3D,2.Mid-Market,5,50.81967213114754,Customer
85,38XRG2GZR7,2.Mid-Market,1,0.6183745583038869,Customer
86,3ASNRM6DFH,3.Enterprise,23,71.86311787072243,Customer
87,3D6M1FMPRY,2.Mid-Market,9,85.58558558558559,Customer
88,3FPOYIPK0Q,3.Enterprise,5,0.004299866704132172,Customer
89,3J2D54I3QK,2.Mid-Market,55,58.55161787365177,Customer
90,3K8EKT292M,2.Mid-Market,3,130.0,Customer
91,3N3BZT9D31,3.Enterprise,33,34.62109955423477,Customer
92,3Q7GKTMQG6,2.Mid-Market,34,28.01582069874753,Customer
93,3R30ME8F84,3.Enterprise,266,38.08380619816674,Customer
94,3RZSJ49ITN,2.Mid-Market,0,38.333333333333336,Customer
95,3VCG8D2TN2,2.Mid-Market,0,0.6535947712418301,Customer
96,3VOB5APO4L,2.Mid-Market,19,72.22222222222221,Customer
97,3W1YAUA8D7,3.Enterprise,82,85.82317073170732,Customer
98,3ZSG9VWIEB,2.Mid-Market,12,34.50704225352113,Customer
99,3ZYT91QE37,3.Enterprise,0,0.03551767004084532,Customer
100,43C5BA75UU,3.Enterprise,23,17.70879857079053,Customer
101,43I21PU8BW,2.Mid-Market,2,3.582089552238806,Customer
102,45BM1ENF31,2.Mid-Market,81,35.05882352941177,Customer
103,45ED5GGSJ6,2.Mid-Market,17,24.601063829787233,Customer
104,486I3CE8ZN,2.Mid-Market,6,23.96694214876033,Customer
105,493WXA73JG,2.Mid-Market,0,1.8018018018018018,Customer
106,49TMY91OTK,3.Enterprise,9,59.375,Customer
107,4A1X7OV6SG,3.Enterprise,13,24.635568513119534,Customer
108,4A3YJTU7FB,3.Enterprise,1,8.49673202614379,Customer
109,4B9SNTP8AK,2.Mid-Market,1,36.470588235294116,Customer
110,4GH2M5ZJA8,2.Mid-Market,20,51.105651105651106,Customer
111,4HHE7ICDO5,2.Mid-Market,7,80.0,Customer
112,4LAV71448N,3.Enterprise,6,13.957597173144876,Customer
113,4LMCT64Z7W,2.Mid-Market,22,65.4639175257732,Customer
114,4R9V4K00IL,3.Enterprise,15,59.06183368869936,Customer
115,4RX6PRYIEJ,3.Enterprise,0,78.43137254901961,Customer
116,4UNY181ACJ,3.Enterprise,59,27.674129353233827,Customer
117,4VUEER90MW,2.Mid-Market,3,2800.0,Customer
118,54AI2278EQ,3.Enterprise,3,31.25,Customer
119,55NF4ZW9XA,3.Enterprise,0,0.5649717514124294,Customer
120,58VRW9MYYO,3.Enterprise,41,58.57142857142858,Customer
121,5BCW790PDW,3.Enterprise,0,15.0,Customer
122,5E8OSAQ3EQ,2.Mid-Market,1,20.0,Customer
123,5EHR07N8VO,3.Enterprise,0,10.0,Customer
124,5HRDU4XSZJ,2.Mid-Market,17,6.146341463414634,Customer
125,5NBHGPBKTM,2.Mid-Market,0,7.142857142857142,Customer
126,5PSQ0OXFQ8,2.Mid-Market,57,103.98936170212767,Customer
127,5Q52DEZH0C,2.Mid-Market,5,12.218045112781954,Customer
128,5WH23GXRIR,3.Enterprise,2,6.329113924050633,Customer
129,5XJXNECRYS,3.Enterprise,11,109.43396226415094,Customer
130,5Y6Q8SJY5O,2.Mid-Market,1,41.935483870967744,Customer
131,5YWX0I3A4K,2.Mid-Market,4,20.27027027027027,Customer
132,60RJIW1SWJ,2.Mid-Market,0,25.0,Customer
133,618LEU6ZU1,2.Mid-Market,5,4.942965779467681,Customer
134,61BGMY4IQZ,3.Enterprise,8,29.18032786885246,Customer
135,6A3KKRZD5E,2.Mid-Market,10,66.0377358490566,Customer
136,6AV3S2SUMH,3.Enterprise,0,0.38022813688212925,Customer
137,6CCVCJWTL9,3.Enterprise,1,0.14932802389248384,Customer
138,6E07FPY1AE,3.Enterprise,114,0.10329421552393067,Customer
139,6E7GA2IZ5P,3.Enterprise,127,0.41305249896261925,Customer
140,6FHT60KUSF,2.Mid-Market,3,40.74074074074074,Customer
141,6G1EBZGFLI,2.Mid-Market,4,15.178571428571427,Customer
142,6HFD7LTTC9,2.Mid-Market,21,77.77777777777779,Customer
143,6HID25OWF7,2.Mid-Market,0,13.432835820895523,Customer
144,6KF1622VXY,2.Mid-Market,2,21.71945701357466,Customer
145,6L01WCNKFH,3.Enterprise,1,34.61538461538461,Customer
146,6LH07BA7DO,3.Enterprise,3,105.88235294117648,Customer
147,6PO0M24US7,3.Enterprise,73,62.45629370629371,Customer
148,6QZ6CP7SAV,2.Mid-Market,2,3.802281368821293,Customer
149,6T4UFEL624,2.Mid-Market,5,51.32743362831859,Customer
150,6TX0TBKG8B,3.Enterprise,35,66.23711340206185,Customer
151,6VGTVYFYK3,2.Mid-Market,2,47.82608695652174,Customer
152,6XGZ7CTM09,2.Mid-Market,3,21.428571428571427,Customer
153,6Z1T2XCB3Y,2.Mid-Market,29,44.696969696969695,Customer
154,6ZS62YWE1G,2.Mid-Market,21,49.037372593431485,Customer
155,71HSSBELRQ,3.Enterprise,0,63.63636363636363,Customer
156,74U77W9A8L,2.Mid-Market,59,35.61151079136691,Customer
157,74X2EK3ZEZ,3.Enterprise,0,0.04923682914820286,Customer
158,79955CF72G,2.Mid-Market,12,6.923076923076923,Customer
159,7AI33993N4,3.Enterprise,11,59.3167701863354,Customer
160,7QUUSFN07E,2.Mid-Market,0,8.673469387755102,Customer
161,7TV7HRBFGC,3.Enterprise,0,1.550387596899225,Customer
162,7U8H0IMJYJ,2.Mid-Market,91,73.00380228136882,Customer
163,7VSYJAFCO3,3.Enterprise,56,53.540856031128406,Customer
164,7VXUQDRMSW,3.Enterprise,3,0.0012998505171905232,Customer
165,7YT2M6TWD1,3.Enterprise,55,41.883116883116884,Customer
166,7ZEOQGVZHQ,3.Enterprise,14,0.04669817877102793,Customer
167,82795E5IZ3,2.Mid-Market,8,100.0,Customer
168,8ADF7PCHCB,3.Enterprise,7,73.97260273972603,Customer
169,8BIXOIQ2Q4,2.Mid-Market,36,125.0,Customer
170,8DJZR5SWK8,2.Mid-Market,61,0.017033174357039334,Customer
171,8DT8CQ1XGB,2.Mid-Market,5,30.081300813008134,Customer
172,8EKXDRKZ40,2.Mid-Market,14,13.883495145631066,Customer
173,8F1N2OJGFH,2.Mid-Market,6,47.01492537313433,Customer
174,8FY620N8TT,2.Mid-Market,3,22.321428571428573,Customer
175,8HMBR5XQT4,3.Enterprise,1,22.916666666666664,Customer
176,8HU7F0I9G5,3.Enterprise,9,77.97356828193833,Customer
177,8IJL2Z0LJC,2.Mid-Market,8,0.011098446217529546,Customer
178,8LW2LM349E,2.Mid-Market,1,68.0,Customer
179,8MTK0RSOGG,2.Mid-Market,33,75.79365079365078,Customer
180,8T922D0NX5,2.Mid-Market,2,2.1834061135371177,Customer
181,8UA3A6S5ZX,2.Mid-Market,3,28.57142857142857,Customer
182,8WPFQ2BHAI,2.Mid-Market,3,50.98039215686274,Customer
183,91F4X2BFIB,3.Enterprise,22,109.13978494623655,Customer
184,9212PGYME6,2.Mid-Market,33,68.03519061583577,Customer
185,93ACZSX0GN,2.Mid-Market,0,,Customer
186,9AZ3CEGBMX,2.Mid-Market,0,1.7857142857142856,Customer
187,9DHSZNVP8G,3.Enterprise,3,37.28813559322034,Customer
188,9DXJ37C9H4,3.Enterprise,2,32.0,Customer
189,9DXOQ2VPGS,3.Enterprise,0,42.0,Customer
190,9FWVVSKP30,2.Mid-Market,0,14.516129032258066,Customer
191,9GB9XV8WOB,3.Enterprise,2,10.663082437275985,Customer
192,9H4HA0MVF4,2.Mid-Market,5,9.006499535747446,Customer
193,9HQTYLU58F,2.Mid-Market,2,65.26315789473685,Customer
194,9HZGOPJDN8,2.Mid-Market,2,61.76470588235294,Customer
195,9ITE92SRL3,2.Mid-Market,3,47.82608695652174,Customer
196,9LLIFFCVED,2.Mid-Market,0,1.8018018018018018,Customer
197,9OINUXL39D,3.Enterprise,1,5.7657657657657655,Customer
198,9P3JPXGH30,2.Mid-Market,3,29.03225806451613,Customer
199,9PBTYJR39I,2.Mid-Market,16,73.07692307692307,Customer
200,9RR7S20CV3,3.Enterprise,46,23.34975369458128,Customer
201,9S3W563BTK,3.Enterprise,0,3.1746031746031744,Customer
202,9TZE5R5UQP,3.Enterprise,2,80.3921568627451,Customer
203,9UYG3IBG3H,2.Mid-Market,30,108.33333333333333,Customer
204,9VT3X8VE00,3.Enterprise,4,56.060606060606055,Customer
205,9XKA4LIT6X,2.Mid-Market,9,62.903225806451616,Customer
206,9XQYM52XG8,2.Mid-Market,6,26.88679245283019,Customer
207,A1WJ0TPAC5,2.Mid-Market,12,62.09912536443149,Customer
208,A28DITMOWN,2.Mid-Market,45,85.88957055214725,Customer
209,A34MPYO2TL,2.Mid-Market,22,15.879186602870812,Customer
210,A8MLIK22XM,3.Enterprise,2,23.4375,Customer
211,A8NZXC45BN,2.Mid-Market,3,16.071428571428573,Customer
212,AHK2LSLAYM,2.Mid-Market,0,20.481927710843372,Customer
213,AJSSUUQO1V,2.Mid-Market,16,41.71597633136095,Customer
214,ALUNQR8O1K,2.Mid-Market,7,18.84328358208955,Customer
215,AM97XO485D,2.Mid-Market,1,11.607142857142858,Customer
216,AMWJPIWUJT,2.Mid-Market,3,34.437086092715234,Customer
217,AN085RNTDR,3.Enterprise,6,21.65242165242165,Customer
218,AN8ND7G0L3,2.Mid-Market,1,3.1948881789137378,Customer
219,ANJ4X5A5XI,3.Enterprise,0,5.47945205479452,Customer
220,AO1CJFX5LI,2.Mid-Market,8,62.328767123287676,Customer
221,AQ15O2NQW4,2.Mid-Market,5,61.32075471698113,Customer
222,ARAGDX5O31,2.Mid-Market,0,0.38022813688212925,Customer
223,ATATJ9A3Y3,2.Mid-Market,0,23.4375,Customer
224,AUFXQP6XGH,2.Mid-Market,0,0.3952569169960474,Customer
225,AV6763V1M3,2.Mid-Market,19,47.512864493996574,Customer
226,B4JGRXOZLE,2.Mid-Market,0,11.76470588235294,Customer
227,B4XGMPW5D3,3.Enterprise,160,0.09149771255718607,Customer
228,BB4M0A6MDM,2.Mid-Market,10,70.0,Customer
229,BC2SWSOZCT,3.Enterprise,1,6.140350877192982,Customer
230,BFXB4Y4K7B,3.Enterprise,1,79.24528301886792,Customer
231,BG34IQ7ZJ3,3.Enterprise,146,56.84536996012406,Customer
232,BG9SHO5D5A,3.Enterprise,3,59.30232558139535,Customer
233,BHB7S9TJ1G,2.Mid-Market,5,76.51515151515152,Customer
234,BKUU5CZECC,2.Mid-Market,4,23.333333333333332,Customer
235,BL7AMKOH10,2.Mid-Market,19,42.066957787481805,Customer
236,BZJW83579W,2.Mid-Market,2,32.67326732673268,Customer
237,C0Y0BHF0RI,2.Mid-Market,0,57.14285714285714,Customer
238,C37RLN36V1,2.Mid-Market,1,33.33333333333333,Customer
239,C3RWQMMU7J,2.Mid-Market,5,20.72072072072072,Customer
240,CCU3FG00ZK,2.Mid-Market,4,14.473684210526317,Customer
241,CD6FXNOQ37,2.Mid-Market,2,8.035714285714286,Customer
242,CDK36M8JVH,2.Mid-Market,0,29.878048780487802,Customer
243,CEJCY127H6,3.Enterprise,12,77.30061349693251,Customer
244,CFI4O6L1F9,2.Mid-Market,9,17.534246575342465,Customer
245,CGBSVK3X8M,3.Enterprise,38,65.5940594059406,Customer
246,CKJLTEIYZC,2.Mid-Market,19,87.1951219512195,Customer
247,CRGB93WKCS,2.Mid-Market,4,26.40449438202247,Customer
248,CSK30LVYLK,2.Mid-Market,3,1.520912547528517,Customer
249,CSLQC3C54W,3.Enterprise,54,0.3846203835805988,Customer
250,CV2A6PG4GK,2.Mid-Market,20,56.25,Customer
251,CW2LBM2QSQ,2.Mid-Market,2,63.1578947368421,Customer
252,CX67XKWQ0Y,3.Enterprise,0,1.5873015873015872,Customer
253,CYWE3DKS4F,2.Mid-Market,4,49.056603773584904,Customer
254,CZP0NWNTJ5,2.Mid-Market,4,50.57471264367817,Customer
255,D09JRD4HQF,2.Mid-Market,29,20.161290322580644,Customer
256,D1IVXAN25W,2.Mid-Market,35,185.1063829787234,Customer
257,D44K1J6FP8,2.Mid-Market,16,6.161137440758294,Customer
258,D581LTO4RQ,3.Enterprise,6,4.580152671755725,Customer
259,D7V911PJQ5,2.Mid-Market,0,0.1314060446780552,Customer
260,D7WDJV07IR,2.Mid-Market,0,3.571428571428571,Customer
261,D84U89YJB1,2.Mid-Market,0,2.191780821917808,Customer
262,DBPGVV4ZWL,2.Mid-Market,0,3.9923954372623576,Customer
263,DBVZB0OIH5,3.Enterprise,46,0.1472849769323529,Customer
264,DFPPWC1QY9,2.Mid-Market,1,30.76923076923077,Customer
265,DIGXL9YSU5,3.Enterprise,20,0.042989467580442794,Customer
266,DIHSA7HEZ7,3.Enterprise,3,14.204545454545455,Customer
267,DILRZQ8BXY,2.Mid-Market,0,0.19047619047619047,Customer
268,DIU1JTKA1C,2.Mid-Market,19,90.15384615384615,Customer
269,DJM5GH2IJ4,2.Mid-Market,9,23.69402985074627,Customer
270,DKV54C6P1L,2.Mid-Market,1,24.65753424657534,Customer
271,DL7FKNDG1J,3.Enterprise,41,0.035195107880004683,Customer
272,DNYA3S9UCK,3.Enterprise,35,81.11455108359134,Customer
273,DPG8SBI4Q2,2.Mid-Market,41,89.26553672316385,Customer
274,DQ95G3V23G,3.Enterprise,0,0.00019977904437691913,Customer
275,DQZ05EV5KZ,2.Mid-Market,1,14.814814814814813,Customer
276,DSAV917RMP,3.Enterprise,30,0.07969577612386543,Customer
277,DTBYRGC8KI,3.Enterprise,13,55.42168674698795,Customer
278,DU0ISB5IQN,3.Enterprise,1,43.58974358974359,Customer
279,DW2ZCFZW0L,3.Enterprise,0,5.113636363636364,Customer
280,DWWO8NBHNA,2.Mid-Market,116,0.13409637939775626,Customer
281,DXOQ8JXLFI,2.Mid-Market,9,59.80392156862745,Customer
282,DYT9MOGE4Q,3.Enterprise,9,109.81012658227849,Customer
283,DZR1YXR2DH,3.Enterprise,0,0.0001997772483680696,Customer
284,DZX5QJICJD,2.Mid-Market,8,128.94736842105263,Customer
285,E05QMKTGV4,2.Mid-Market,1,43.75,Customer
286,E088O98BV7,2.Mid-Market,3,60.22099447513812,Customer
287,E11E9FTAXP,2.Mid-Market,0,11.29032258064516,Customer
288,E12QEYKC2M,2.Mid-Market,0,8.064516129032258,Customer
289,E2GJR81BMQ,2.Mid-Market,10,87.6923076923077,Customer
290,E4PA8HYEXF,2.Mid-Market,30,46.35108481262327,Customer
291,E54UKIGDIX,3.Enterprise,40,,Customer
292,E63LBQGU3O,2.Mid-Market,0,,Customer
293,E7PKWCYUKN,3.Enterprise,0,1.2987012987012987,Customer
294,EB8753AYEQ,2.Mid-Market,9,37.3134328358209,Customer
295,ECJUIS2GY9,2.Mid-Market,0,0.32733224222585927,Customer
296,ECUBODS1EE,2.Mid-Market,24,33.7322363500374,Customer
297,EF0VOTQTXH,2.Mid-Market,37,30.41095890410959,Customer
298,EHOU6QLZ2R,2.Mid-Market,4,115.68627450980394,Customer
299,EHWJQ4TA5I,3.Enterprise,0,0.17921146953405018,Customer
300,ELYYZZ0JDC,3.Enterprise,0,12.903225806451612,Customer
301,ERBKN3DKVR,2.Mid-Market,19,92.07317073170732,Customer
302,EUTAWJ4G8R,2.Mid-Market,0,26.41509433962264,Customer
303,EYUHZ1GV0E,2.Mid-Market,3,95.48872180451127,Customer
304,F10OO1PVLN,2.Mid-Market,0,7.6923076923076925,Customer
305,F5SL1YA1RY,2.Mid-Market,7,7.600644122383253,Customer
306,F6XDN8WWII,3.Enterprise,27,45.67307692307692,Customer
307,F74T60PLOZ,2.Mid-Market,9,64.20454545454545,Customer
308,F7ZK94YXFI,3.Enterprise,34,55.524079320113316,Customer
309,F86LTHET25,2.Mid-Market,0,1.3307984790874523,Customer
310,F89X22J7Q4,2.Mid-Market,0,14.655172413793101,Customer
311,F9S9EHWHG0,2.Mid-Market,0,1.8018018018018018,Customer
312,FCD6MZSGIP,3.Enterprise,13,84.72222222222221,Customer
313,FOCNQDQX6Q,2.Mid-Market,3,15.65217391304348,Customer
314,FTOUHYLU6K,3.Enterprise,0,11.666666666666666,Customer
315,FTQ9Y69XFQ,2.Mid-Market,0,0.07037297677691766,Customer
316,FXHKC856WP,2.Mid-Market,3,31.30434782608696,Customer
317,FXLOZ2RCU8,2.Mid-Market,0,1.7857142857142856,Customer
318,FYO1750CEH,3.Enterprise,33,49.67948717948718,Customer
319,G3XG0TRKY8,3.Enterprise,6,41.42259414225941,Customer
320,G5GKZJRUMX,2.Mid-Market,2,54.32098765432099,Customer
321,G5RIFWR0UI,2.Mid-Market,5,10.714285714285714,Customer
322,G688U595CE,2.Mid-Market,5,7.189973614775726,Customer
323,G7F9FZJAHS,2.Mid-Market,7,59.67741935483871,Customer
324,GABTGDJZ0I,2.Mid-Market,11,71.95121951219512,Customer
325,GB7R3OCWBF,2.Mid-Market,0,3.4482758620689653,Customer
326,GHFT9ZZCGL,3.Enterprise,18,61.141304347826086,Customer
327,GN0T6DVWRB,2.Mid-Market,1,16.216216216216218,Customer
328,GPJNVWRXGK,2.Mid-Market,15,34.193548387096776,Customer
329,GUO8I5JWK6,2.Mid-Market,96,,Customer
330,GVGT2EEHFU,2.Mid-Market,34,55.08982035928144,Customer
331,H91EL88L12,2.Mid-Market,0,2.256944444444444,Customer
332,H9VGKY5CGA,2.Mid-Market,0,17.073170731707318,Customer
333,HC36KOF8KR,2.Mid-Market,7,23.949579831932773,Customer
334,HC8CAH3GDH,3.Enterprise,77,62.339331619537276,Customer
335,HDCV4BKTCV,2.Mid-Market,1,40.0,Customer
336,HF4ABUFWBU,2.Mid-Market,1,43.42629482071713,Customer
337,HN2ECLCES1,2.Mid-Market,4,6.324110671936759,Customer
338,HPMXPKN3B8,3.Enterprise,32,39.23512747875354,Customer
339,HQR6F7QNEZ,2.Mid-Market,11,26.38888888888889,Customer
340,HTHRUU5E51,2.Mid-Market,0,0.00019999520011519724,Customer
341,HU97NG0APS,2.Mid-Market,1,1.520912547528517,Customer
342,HX2KBVSIGB,2.Mid-Market,262,,Customer
343,HZN4KGEUID,3.Enterprise,0,50.54945054945055,Customer
344,I0HN3F9ZXQ,2.Mid-Market,3,40.32258064516129,Customer
345,I10KQSOSX4,3.Enterprise,10,9.512867647058822,Customer
346,I560TOHXWE,2.Mid-Market,1,2.7027027027027026,Customer
347,I5HO9CY9PE,2.Mid-Market,5,85.45454545454545,Customer
348,I8F34GADKT,2.Mid-Market,2,50.0,Customer
349,IAAKYTT3IM,2.Mid-Market,4,23.423423423423422,Customer
350,IE0RNUJJQ9,2.Mid-Market,2,3.3175355450236967,Customer
351,IFPWIOXD9C,3.Enterprise,0,0.38022813688212925,Customer
352,IKR2OMRDE5,2.Mid-Market,35,75.18987341772151,Customer
353,IKVRECJTR0,3.Enterprise,0,0.5739795918367347,Customer
354,IM458AX40D,2.Mid-Market,106,66.99308755760369,Customer
355,IN3OEUVTYT,2.Mid-Market,0,0.38022813688212925,Customer
356,IOGXPBWHVN,2.Mid-Market,0,43.0,Customer
357,IRY8XNY2X1,2.Mid-Market,15,86.58536585365853,Customer
358,IUDUAHGK6T,3.Enterprise,0,34.24657534246575,Customer
359,IXZAREIYAZ,3.Enterprise,20,43.09723889555822,Customer
360,IY4NRMQYZ6,2.Mid-Market,9,64.35643564356435,Customer
361,IYM90PKR1I,2.Mid-Market,8,50.0,Customer
362,J35VLWOJTX,3.Enterprise,7,14.068441064638785,Customer
363,J43D5IQVNB,2.Mid-Market,54,0.0300898296375825,Customer
364,J4PNJY1O2R,2.Mid-Market,11,8.47457627118644,Customer
365,J5SXVWVM4W,2.Mid-Market,0,8.035714285714286,Customer
366,J66CNOLJQ5,3.Enterprise,9,26.710097719869708,Customer
367,J70E3P15AH,3.Enterprise,20,,Customer
368,JCNS6G298C,2.Mid-Market,22,42.80442804428044,Customer
369,JEDGFJDLOG,2.Mid-Market,3,60.46511627906976,Customer
370,JEGXEYEB90,2.Mid-Market,2,24.369747899159663,Customer
371,JG107R925D,3.Enterprise,2,10.714285714285714,Customer
372,JHJXQKD8UR,3.Enterprise,1,40.0,Customer
373,JILXN32NBZ,2.Mid-Market,0,3.571428571428571,Customer
374,JIPNF8F3GR,3.Enterprise,0,0.0001999890006049667,Customer
375,JIXUB4IBHI,2.Mid-Market,3,1.0972568578553616,Customer
376,JJA26YFPMV,2.Mid-Market,1,37.06896551724138,Customer
377,JLZY1UU9YM,2.Mid-Market,6,72.41379310344827,Customer
378,JQY3ODSX4N,2.Mid-Market,4,34.18803418803419,Customer
379,JTGQ01TEE1,3.Enterprise,3,58.333333333333336,Customer
380,JUIIYMYRSV,2.Mid-Market,0,1.8018018018018018,Customer
381,JUTFVJ839A,2.Mid-Market,28,38.32835820895523,Customer
382,JWV2QNRMTN,3.Enterprise,6,6.578947368421052,Customer
383,JZ99106AK3,3.Enterprise,31,132.03125,Customer
384,JZC58CU47S,3.Enterprise,1,133.33333333333331,Customer
385,JZP97BMZRR,3.Enterprise,13,31.812080536912752,Customer
386,K43SAFYH1F,2.Mid-Market,2,1.1406844106463878,Customer
387,K48OLDC08F,2.Mid-Market,2,44.230769230769226,Customer
388,K5LP9C5SO7,2.Mid-Market,2,21.53846153846154,Customer
389,K6RE4Q6QDY,3.Enterprise,13,27.14570858283433,Customer
390,K9OM115BOI,2.Mid-Market,2,12.735849056603774,Customer
391,KA9LZ57V4N,2.Mid-Market,0,1.8181818181818181,Customer
392,KBCBDPDXUJ,3.Enterprise,1,29.03225806451613,Customer
393,KD9GNLPYO2,2.Mid-Market,0,,Customer
394,KDTS1FB2VI,2.Mid-Market,0,16.867469879518072,Customer
395,KEAEA84HXX,3.Enterprise,0,1.8018018018018018,Customer
396,KH5840ACUH,3.Enterprise,4,40.32258064516129,Customer
397,KI72OALFWY,2.Mid-Market,2,60.0,Customer
398,KK2ABKVBLP,2.Mid-Market,5,69.56521739130434,Customer
399,KLDF4HRA13,2.Mid-Market,10,77.35042735042735,Customer
400,KMGS6RV977,2.Mid-Market,36,57.291666666666664,Customer
401,KNL2LUHHS4,2.Mid-Market,8,73.52941176470588,Customer
402,KOTCKEH5SW,3.Enterprise,2,6.530214424951267,Customer
403,KPG3DP4FMP,3.Enterprise,43,51.290684624017956,Customer
404,KTIOR4V1OG,2.Mid-Market,0,,Customer
405,KTLL8SN5YZ,2.Mid-Market,2,80.35714285714286,Customer
406,KTLZKJ49YD,3.Enterprise,4,45.0,Customer
407,KWBNBPAVAJ,3.Enterprise,0,0.14540167211922936,Customer
408,L00EZZF8S2,3.Enterprise,4,27.80373831775701,Customer
409,L0IJKCU5X0,2.Mid-Market,0,,Customer
410,L68NTK63N2,3.Enterprise,7,24.199623352165727,Customer
411,L6HFH4N6V3,3.Enterprise,71,30.0357568533969,Customer
412,L6P3FRB7EI,3.Enterprise,65,40.10989010989011,Customer
413,L7W8COF313,3.Enterprise,16,26.436781609195403,Customer
414,L8HL88KZRU,3.Enterprise,12,14.459373000639793,Customer
415,L911ZSB8LV,3.Enterprise,30,73.56143079315707,Customer
416,L9GVBMQQ74,3.Enterprise,82,80.9965237543453,Customer
417,LBORIQ8HKE,2.Mid-Market,1,40.32258064516129,Customer
418,LCG1J5EWFW,3.Enterprise,6,64.0,Customer
419,LDWQXKE0QC,2.Mid-Market,8,38.0,Customer
420,LEMX15Z8VM,2.Mid-Market,0,1.7857142857142856,Customer
421,LHYL2LD05N,2.Mid-Market,4,22.321428571428573,Customer
422,LNCC2ATRD8,3.Enterprise,2,30.158730158730158,Customer
423,LOQC3XNCHK,2.Mid-Market,1,1000.0,Customer
424,LP81L51FLM,2.Mid-Market,9,63.33333333333333,Customer
425,LQ6EXNWZR0,2.Mid-Market,8,62.22222222222222,Customer
426,LQJSQCZ0N0,2.Mid-Market,0,52.23880597014925,Customer
427,LXOUN91FY6,3.Enterprise,4,17.741935483870968,Customer
428,LXSLG6MM1Z,3.Enterprise,0,15.789473684210526,Customer
429,LYZJ0AEOOR,3.Enterprise,0,46.98795180722892,Customer
430,LZSE99F77L,3.Enterprise,8,54.88372093023256,Customer
431,M0L2LJK4Q5,3.Enterprise,4,63.33333333333333,Customer
432,M1SAV9CNG8,2.Mid-Market,2,28.697571743929362,Customer
433,M2XIPRTT3N,2.Mid-Market,21,,Customer
434,M5HGBO06FH,2.Mid-Market,10,56.666666666666664,Customer
435,M5V2WWG84D,2.Mid-Market,12,73.52941176470588,Customer
436,M6HZ72KXSJ,2.Mid-Market,10,23.92638036809816,Customer
437,M6MG87OI0E,3.Enterprise,1,0.09652509652509653,Customer
438,M87MHXOFKC,2.Mid-Market,16,24.307205067300078,Customer
439,MBAAXA3BL1,3.Enterprise,5,3.076923076923077,Customer
440,MF4NNKM95D,3.Enterprise,8,40.266666666666666,Customer
441,MJDIMBM271,2.Mid-Market,32,94.11764705882352,Customer
442,MM4P61NHVC,2.Mid-Market,2,3.571428571428571,Customer
443,MMXIXV6CKM,2.Mid-Market,1,5.357142857142857,Customer
444,MNHIE9EDE1,2.Mid-Market,49,0.07218520203358311,Customer
445,MSYG91MMO1,3.Enterprise,5,89.47368421052632,Customer
446,MUB6LBU9W3,2.Mid-Market,35,0.12479900160798714,Customer
447,MUURMYBD2Q,2.Mid-Market,2,50.0,Customer
448,MUZUQED0GV,2.Mid-Market,7,29.03225806451613,Customer
449,MWU4CFILKJ,2.Mid-Market,1,6.306306306306306,Customer
450,MZMZ2K1KO6,2.Mid-Market,0,46.0,Customer
451,N6NBYZM242,2.Mid-Market,0,36.17021276595745,Customer
452,N6O9JD3IH6,2.Mid-Market,0,1.3986013986013985,Customer
453,N89LTAJW25,2.Mid-Market,6,47.66081871345029,Customer
454,N8LFJDTVV2,2.Mid-Market,9,41.49659863945578,Customer
455,N9DL5TGSQ7,3.Enterprise,27,0.08237479331324615,Customer
456,NAM148P0TV,2.Mid-Market,24,69.16299559471366,Customer
457,NAVYCS44PH,3.Enterprise,5,22.321428571428573,Customer
458,NF9W5N9C70,3.Enterprise,3,67.74193548387096,Customer
459,NFFYKPL3CH,2.Mid-Market,10,98.83720930232558,Customer
460,NG806W819F,2.Mid-Market,72,63.7660485021398,Customer
461,NGIXMC4SX2,2.Mid-Market,3,32.758620689655174,Customer
462,NGUCZH9IER,2.Mid-Market,4,28.57142857142857,Customer
463,NHPVRWBRBL,3.Enterprise,1,0.0013998446172474855,Customer
464,NNLO0HHGH5,2.Mid-Market,0,1.7857142857142856,Customer
465,NTCAGRP2U4,2.Mid-Market,7,20.84942084942085,Customer
466,NTJLMZ04X0,2.Mid-Market,10,69.17808219178082,Customer
467,NVV28UE1MY,2.Mid-Market,0,15.517241379310345,Customer
468,NWXUJ3AC6P,3.Enterprise,0,0.09799118079372857,Customer
469,NZ3A8V4X7Y,2.Mid-Market,2,7.373271889400922,Customer
470,NZRF5A7QY8,2.Mid-Market,1,9.865470852017937,Customer
471,O119XP9N56,2.Mid-Market,5,3.9923954372623576,Customer
472,O5URTXUYUC,3.Enterprise,12,10.502958579881657,Customer
473,O6OUZ1EGNT,2.Mid-Market,3,66.66666666666666,Customer
474,O75RH8LX6D,2.Mid-Market,39,5.970432145564822,Customer
475,OAU8P1WKIS,3.Enterprise,8,36.507936507936506,Customer
476,OB7NUGPJ60,3.Enterprise,7,24.431818181818183,Customer
477,OC1YFMHBYH,2.Mid-Market,49,82.3076923076923,Customer
478,ODLCTT058C,3.Enterprise,10,60.72507552870091,Customer
479,OEJV9LHALC,2.Mid-Market,8,54.08163265306123,Customer
480,OLNNTXRGN7,3.Enterprise,0,,Customer
481,ONJPI163YK,2.Mid-Market,10,153.33333333333334,Customer
482,OR9F5IV86Z,2.Mid-Market,16,78.2051282051282,Customer
483,OROI5J8YIT,2.Mid-Market,2,51.61290322580645,Customer
484,OW2R576VIL,2.Mid-Market,82,88.12351543942994,Customer
485,P1WZ2NAR3S,3.Enterprise,99,0.2310875212738512,Customer
486,P501NOUHTC,2.Mid-Market,0,0.8695652173913043,Customer
487,P6BEFFLZM7,2.Mid-Market,32,,Customer
488,P6MKT7S1GD,2.Mid-Market,0,1.8018018018018018,Customer
489,P767J2DG1W,3.Enterprise,1,16.535433070866144,Customer
490,P779460KHF,2.Mid-Market,0,1.1363636363636365,Customer
491,P7R93FEZEZ,3.Enterprise,0,27.84090909090909,Customer
492,P8DJKLUYLU,2.Mid-Market,6,14.349775784753364,Customer
493,P9JYQN15IK,2.Mid-Market,0,2.6785714285714284,Customer
494,P9LBSMWPQ8,3.Enterprise,0,1.7857142857142856,Customer
495,PCWE4C1V47,2.Mid-Market,6,59.50920245398773,Customer
496,PGYVYV2GQU,3.Enterprise,0,1.7857142857142856,Customer
497,PHR62GDSWM,2.Mid-Market,64,229.92125984251967,Customer
498,PHWHM54XR8,2.Mid-Market,3,54.054054054054056,Customer
499,PJPF240SHD,2.Mid-Market,17,53.36787564766839,Customer
500,PKIANOUOF0,2.Mid-Market,0,5.217391304347826,Customer
501,PP00CDNZY4,2.Mid-Market,4,5.228758169934641,Customer
502,PQ8R4HC7JV,2.Mid-Market,0,7.142857142857142,Customer
503,PU3ET1OVEJ,2.Mid-Market,5,21.012048192771086,Customer
504,PUBKPIQNHQ,3.Enterprise,0,1.7857142857142856,Customer
505,PUU62RZV1S,2.Mid-Market,0,7.142857142857142,Customer
506,Q46NOUHFJ7,2.Mid-Market,3,57.65765765765766,Customer
507,Q4KREG167D,2.Mid-Market,0,11.403508771929824,Customer
508,Q9J2H1TLOM,2.Mid-Market,1,0.0015999504015375525,Customer
509,QBEXGFVNNV,2.Mid-Market,7,59.64912280701754,Customer
510,QEOZ0KZ4Z7,3.Enterprise,3,28.947368421052634,Customer
511,QERXDOUADV,2.Mid-Market,3,2.867383512544803,Customer
512,QFC1YUZPEX,2.Mid-Market,0,7.6923076923076925,Customer
513,QFEZKFH00A,3.Enterprise,3,0.7352941176470588,Customer
514,QMVQWPQO2L,2.Mid-Market,3,13.861386138613863,Customer
515,QOB867KBQN,3.Enterprise,1,0.7462686567164178,Customer
516,QQYZQII4W6,3.Enterprise,28,50.71633237822349,Customer
517,QUPXBFEJ2X,3.Enterprise,15,41.2962962962963,Customer
518,QW3B4NTHZM,2.Mid-Market,82,109.55223880597016,Customer
519,QXMCTHPHJ3,3.Enterprise,2,42.032332563510394,Customer
520,QZFHOMTZZF,2.Mid-Market,9,44.44444444444444,Customer
521,R4KZ36U8UE,2.Mid-Market,0,4.166666666666666,Customer
522,R6K2VMWWYZ,2.Mid-Market,4,86.66666666666667,Customer
523,R96KHUB2RT,3.Enterprise,12,50.51546391752577,Customer
524,RABR6RTC0Z,3.Enterprise,38,26.488095238095237,Customer
525,RFKI1IJE2X,2.Mid-Market,0,42.857142857142854,Customer
526,RGYBXKPM21,2.Mid-Market,24,5.929247633283508,Customer
527,RHT7ZEWVIY,2.Mid-Market,106,0.04624967625226623,Customer
528,RI09M0G8W8,3.Enterprise,7,57.49999999999999,Customer
529,RIJKQ2ZUV1,2.Mid-Market,10,40.17094017094017,Customer
530,RJ5XFEUB4O,3.Enterprise,5,53.84615384615385,Customer
531,RM6J8Y6RH0,2.Mid-Market,6,16.129032258064516,Customer
532,RMHRCNBH6N,3.Enterprise,117,81.66926677067082,Customer
533,RMWLMA6GMD,3.Enterprise,16,117.77777777777779,Customer
534,RP8GUUCM5F,2.Mid-Market,0,1.4871116986120292,Customer
535,RQNSVSOJRP,2.Mid-Market,2,20.625,Customer
536,RR513BB6F0,2.Mid-Market,39,58.48434925864909,Customer
537,RTWLXDSC4E,2.Mid-Market,9,65.38461538461539,Customer
538,RUW0U92T24,3.Enterprise,55,29.18968692449355,Customer
539,RV68JQ12JF,2.Mid-Market,3,29.383886255924168,Customer
540,RWTF07GBAS,3.Enterprise,32,98.06451612903226,Customer
541,RXDTG5NQJQ,2.Mid-Market,1,62.745098039215684,Customer
542,RY79KVLS9M,2.Mid-Market,1,100.0,Customer
543,RZKDU6FOTW,2.Mid-Market,22,12.646370023419204,Customer
544,S0R778NRXV,2.Mid-Market,0,116.66666666666667,Customer
545,S1F537YE0Q,2.Mid-Market,2,39.34426229508197,Customer
546,S387J5IE3L,2.Mid-Market,0,10.344827586206897,Customer
547,S52SQ3B9SO,2.Mid-Market,16,37.84403669724771,Customer
548,S65QU0K5QZ,3.Enterprise,4,0.8238276299112801,Customer
549,S7O4YC3S0D,2.Mid-Market,6,19.2090395480226,Customer
550,S95ZOW60ZZ,2.Mid-Market,0,14.516129032258066,Customer
551,SCNX8EIQET,2.Mid-Market,3,48.837209302325576,Customer
552,SEVL7FQ8AB,2.Mid-Market,100,201.1874469889737,Customer
553,SGUR4PU6W9,3.Enterprise,52,0.14349067310624808,Customer
554,SIUAZ71UF0,3.Enterprise,110,11.61217587373168,Customer
555,SKP6RFE64S,2.Mid-Market,2,60.526315789473685,Customer
556,SLHGMRZZQO,2.Mid-Market,2,25.0,Customer
557,SMADO8E7FL,2.Mid-Market,6,49.0990990990991,Customer
558,SOGB205HU0,2.Mid-Market,1,60.0,Customer
559,SOYG9ZQYAH,2.Mid-Market,5,6.493506493506493,Customer
560,SPD2SW24WJ,3.Enterprise,12,6.474480151228732,Customer
561,SPENGWYX9T,3.Enterprise,3,0.006499434549194221,Customer
562,SR2HVNKVON,3.Enterprise,5,6.965174129353234,Customer
563,SRYO4RCB1K,2.Mid-Market,34,44.83695652173913,Customer
564,SRYZX70IB3,2.Mid-Market,19,27.476635514018692,Customer
565,SU4FCL5EFJ,3.Enterprise,0,0.9505703422053232,Customer
566,SU4SE2KYT5,2.Mid-Market,3,67.07317073170732,Customer
567,SUFLSEHUDS,2.Mid-Market,1,64.86486486486487,Customer
568,SWEBNVG5VM,2.Mid-Market,0,7.079646017699115,Customer
569,SXLSUTOTHL,3.Enterprise,1,26.96629213483146,Customer
570,SZDXIMYN4U,3.Enterprise,20,78.8135593220339,Customer
571,T00IV1GGXR,3.Enterprise,24,43.50833071361207,Customer
572,T7ZQHT2XZ5,2.Mid-Market,0,6.140350877192982,Customer
573,T860X5ZU2Z,2.Mid-Market,7,16.94915254237288,Customer
574,T8JBBSXPK4,3.Enterprise,13,0.04399846005389812,Customer
575,TANA6U48GW,2.Mid-Market,3,61.6,Customer
576,TI221XJ7WW,2.Mid-Market,3,35.483870967741936,Customer
577,TIO4M7PP0P,3.Enterprise,7,30.228136882129274,Customer
578,TL3Q4N89QK,2.Mid-Market,0,0.8450704225352111,Customer
579,TLCQFMUIW7,2.Mid-Market,0,0.4735595895816891,Customer
580,TN9UZERYF0,2.Mid-Market,60,18.76974231088944,Customer
581,TNLZTWXOL4,2.Mid-Market,0,28.57142857142857,Customer
582,TOZHDV5OJZ,2.Mid-Market,2,0.8530805687203791,Customer
583,TP6QAQ3K8A,3.Enterprise,21,0.02799594058861465,Customer
584,TQMGVU4ISO,3.Enterprise,0,0.34904013961605584,Customer
585,TQVDZ4X1ZH,2.Mid-Market,0,1.9047619047619049,Customer
586,TQYDSHLV76,2.Mid-Market,102,0.06759837763893667,Customer
587,TSXOF33QE6,3.Enterprise,3,106.06060606060606,Customer
588,TWBOZD1AT7,2.Mid-Market,31,39.982190560997324,Customer
589,TXCB48Y1O4,2.Mid-Market,2,29.72972972972973,Customer
590,TXSNHFT4I2,3.Enterprise,2,23.300970873786408,Customer
591,TYLAVZME9W,3.Enterprise,3,20.33898305084746,Customer
592,TZ0YNCXLL4,2.Mid-Market,5,61.29032258064516,Customer
593,U7ZQJ3OVU7,3.Enterprise,0,24.285714285714285,Customer
594,U87CM453KF,2.Mid-Market,13,32.432432432432435,Customer
595,U923O359TS,3.Enterprise,0,0.38022813688212925,Customer
596,UA3AIPJIYL,3.Enterprise,95,0.1729724973729177,Customer
597,UDE358TRE9,3.Enterprise,0,4.705882352941177,Customer
598,UDKTMONRVB,2.Mid-Market,0,35.64356435643564,Customer
599,UDQVDK6DRN,2.Mid-Market,0,1.8018018018018018,Customer
600,UIJ0YXIYQB,2.Mid-Market,0,4.504504504504505,Customer
601,UKX496K4O6,3.Enterprise,18,23.191094619666046,Customer
602,UL1RSRLA8S,2.Mid-Market,17,8.47953216374269,Customer
603,ULWJTIQWNR,3.Enterprise,44,0.053190213000807854,Customer
604,UPUY0ZIA9A,2.Mid-Market,0,1.8018018018018018,Customer
605,URMWUECPNC,2.Mid-Market,0,0.3766478342749529,Customer
606,URXHW0IC1L,2.Mid-Market,5,31.390134529147986,Customer
607,UVY8N1UTOX,2.Mid-Market,0,7.079646017699115,Customer
608,V283BDW56F,2.Mid-Market,1,6.707317073170732,Customer
609,V4KFQ5DZ53,2.Mid-Market,43,48.6697965571205,Customer
610,V9DT94G8V9,2.Mid-Market,0,0.9708737864077669,Customer
611,VAJ2K8XPNM,2.Mid-Market,5,210.52631578947367,Customer
612,VB66H3REM5,2.Mid-Market,0,0.039761431411530816,Customer
613,VF02GVLLSA,3.Enterprise,0,22.22222222222222,Customer
614,VG3KK0VM59,3.Enterprise,0,0.27972027972027974,Customer
615,VHOTQF74RQ,3.Enterprise,34,0.06569336497013802,Customer
616,VMB0IDD0WP,2.Mid-Market,4,3.4220532319391634,Customer
617,VQA7IZQ2NM,2.Mid-Market,10,30.630630630630627,Customer
618,VRN8LPY857,2.Mid-Market,1,44.44444444444444,Customer
619,VV8SUOC1Y5,3.Enterprise,79,42.83121597096189,Customer
620,VWOZQXIWE6,2.Mid-Market,1,85.71428571428571,Customer
621,VWY3RZTPLC,3.Enterprise,0,,Customer
622,VXD2ZU4NS7,2.Mid-Market,6,9.577464788732394,Customer
623,VZN2HLOIKI,2.Mid-Market,5,43.86422976501306,Customer
624,VZZXT9QUBW,3.Enterprise,0,1.3245033112582782,Customer
625,W05Y2DA5B4,2.Mid-Market,0,5.113636363636364,Customer
626,W1TBRWR965,2.Mid-Market,5,80.0,Customer
627,W1VZC7D2KD,3.Enterprise,18,89.85507246376811,Customer
628,W41F7V4K88,3.Enterprise,2,43.75,Customer
629,W9HEYCE4QG,3.Enterprise,1,7.392996108949417,Customer
630,W9PFB3HN14,3.Enterprise,90,6.902860944777113,Customer
631,WAEN7YJF30,3.Enterprise,6,0.0037998746041380633,Customer
632,WAOUAXEQBN,2.Mid-Market,0,38.46153846153847,Customer
633,WBHO4UW2AW,2.Mid-Market,2,9.49085516559565,Customer
634,WHWKMY9X8S,2.Mid-Market,0,16.923076923076923,Customer
635,WKGUY0OFIP,2.Mid-Market,15,38.91156462585034,Customer
636,WKSHY8NBIQ,3.Enterprise,8,23.0188679245283,Customer
637,WL9700LFQF,3.Enterprise,148,0.19749308774192903,Customer
638,WLCFS8314Y,2.Mid-Market,3,,Customer
639,WM9Q7FTMFW,2.Mid-Market,5,33.87096774193548,Customer
640,WNPR424TKB,2.Mid-Market,272,0.22168359541393937,Customer
641,WQ1GAZ5UH8,2.Mid-Market,2,32.8125,Customer
642,WYZXJQYJV8,3.Enterprise,20,80.09950248756219,Customer
643,WZ940VTKRR,2.Mid-Market,50,63.48547717842323,Customer
644,X1F8S0X7M2,3.Enterprise,0,0.16155088852988692,Customer
645,X3VPF9PAVC,2.Mid-Market,0,24.193548387096776,Customer
646,X80NKXKBEF,2.Mid-Market,1,2.6785714285714284,Customer
647,X8HBBJCDIW,2.Mid-Market,27,30.256410256410255,Customer
648,XAJMK4X1FD,2.Mid-Market,0,9.803921568627452,Customer
649,XBIDFWA88D,2.Mid-Market,41,50.34722222222222,Customer
650,XCCSG4OFDT,2.Mid-Market,4,23.28767123287671,Customer
651,XF1PI2OOQ4,2.Mid-Market,4,0.010699903700866691,Customer
652,XF50I6GBXQ,3.Enterprise,82,37.42802303262956,Customer
653,XFGCAQVKIZ,2.Mid-Market,0,0.3110419906687403,Customer
654,XHQG4QLV72,2.Mid-Market,1,58.97435897435898,Customer
655,XJ0MQVINDH,2.Mid-Market,119,96.6142684401451,Customer
656,XJQ5NV8OGA,2.Mid-Market,1,3.9741219963031424,Customer
657,XK31WBHTFN,2.Mid-Market,8,55.26315789473685,Customer
658,XLSEUNNRLS,2.Mid-Market,4,,Customer
659,XLUL6LGJLP,2.Mid-Market,3,90.0,Customer
660,XOMXLVZ4QK,2.Mid-Market,12,11.787072243346007,Customer
661,XPJ4HNRIUU,3.Enterprise,3,53.84615384615385,Customer
662,XQ8VA8X8L0,2.Mid-Market,3,25.0,Customer
663,XSFH4GG244,3.Enterprise,3,60.9375,Customer
664,XT54FN5G77,2.Mid-Market,43,0.09649768405558266,Customer
665,XUX1OXRWK8,3.Enterprise,34,103.49127182044889,Customer
666,XVA1NKBTFS,3.Enterprise,4,8.928571428571429,Customer
667,XXVA2IEUC1,2.Mid-Market,0,1.1428571428571428,Customer
668,XYJOA21A6X,3.Enterprise,15,11.77587844254511,Customer
669,XYVGIUI9KK,2.Mid-Market,5,70.96774193548387,Customer
670,Y39BU4UZ2Z,2.Mid-Market,0,0.7407407407407408,Customer
671,Y3Z1DE1E16,2.Mid-Market,163,27.605582744245062,Customer
672,Y595CPJZE1,2.Mid-Market,0,0.853658536585366,Customer
673,Y5SIC4S8PN,2.Mid-Market,2,1.0582010582010581,Customer
674,Y8NYFWDC11,3.Enterprise,28,48.46356453028973,Customer
675,YAR821UZVG,2.Mid-Market,9,78.90625,Customer
676,YCZU80ZRZ7,2.Mid-Market,0,52.0,Customer
677,YFDS0DJI9K,2.Mid-Market,5,313.04347826086956,Customer
678,YH523GGODL,3.Enterprise,251,76.95837430350704,Customer
679,YHETKDUWTN,2.Mid-Market,5,52.17391304347826,Customer
680,YHXSO7VBGR,2.Mid-Market,1,11.76470588235294,Customer
681,YLEMRUYP04,3.Enterprise,12,82.08955223880598,Customer
682,YM33MG1ZAQ,3.Enterprise,27,79.66101694915254,Customer
683,YO8DJE7XQT,2.Mid-Market,0,19.35483870967742,Customer
684,YR06NKWFG3,2.Mid-Market,2,15.658362989323843,Customer
685,YV37DIA5U6,2.Mid-Market,1,37.0,Customer
686,YYCJ4Q0RR1,3.Enterprise,7,40.98360655737705,Customer
687,YZ7SRCBPLJ,2.Mid-Market,10,96.0,Customer
688,Z1R2ROIKS6,2.Mid-Market,0,2.6785714285714284,Customer
689,Z4PPJ590EM,2.Mid-Market,9,54.09836065573771,Customer
690,Z52QZSKHZT,2.Mid-Market,14,21.59090909090909,Customer
691,Z8Q4VHU4BA,2.Mid-Market,22,,Customer
692,Z8UUG95RLR,3.Enterprise,3,88.09523809523809,Customer
693,ZC7FOV2YGN,3.Enterprise,17,4.606830818109611,Customer
694,ZEBU2Y0OY5,2.Mid-Market,0,10.714285714285714,Customer
695,ZEEDHHJSHZ,3.Enterprise,0,0.17006802721088435,Customer
696,ZF761HJR6E,3.Enterprise,4,38.70967741935484,Customer
697,ZH13CD5GLQ,2.Mid-Market,8,70.22900763358778,Customer
698,ZHWJR64DPJ,2.Mid-Market,5,36.666666666666664,Customer
699,ZIRNK6ZHH3,2.Mid-Market,0,3.614457831325301,Customer
700,ZJSSZWD0W9,2.Mid-Market,20,93.43065693430657,Customer
701,ZN0THL2C53,3.Enterprise,4,18.181818181818183,Customer
702,ZN9DDE3CUP,3.Enterprise,2,137.5,Customer
703,ZP08J3TRP0,3.Enterprise,5,89.47368421052632,Customer
704,ZPEAL2W37D,2.Mid-Market,0,33.87096774193548,Customer
705,ZQY72WX7PT,3.Enterprise,12,45.893719806763286,Customer
706,ZSB6ZWKHE9,3.Enterprise,0,0.27548209366391185,Customer
707,ZTBVHUAZUN,3.Enterprise,3,13500.0,Customer
708,ZUJ2XORVOR,3.Enterprise,5,46.15384615384615,Customer
709,ZX9JPNBZUG,2.Mid-Market,34,,Customer
710,ZZRJO7VBHH,2.Mid-Market,28,64.28571428571429,Customer
